{
  "token_acc":0.9990754038,
  "token_p":0.9929638365,
  "token_r":0.9928857794,
  "token_f":0.9929248064,
  "tag_acc":0.9798900947,
  "pos_acc":0.9893244042,
  "morph_acc":0.9812688346,
  "morph_micro_p":0.9926314806,
  "morph_micro_r":0.9890415211,
  "morph_micro_f":0.9908332491,
  "morph_per_feat":{
    "Degree":{
      "p":0.9949615487,
      "r":0.9939072848,
      "f":0.9944341373
    },
    "PronType":{
      "p":0.9967231021,
      "r":0.9967231021,
      "f":0.9967231021
    },
    "Reflex":{
      "p":0.9978540773,
      "r":1.0,
      "f":0.9989258861
    },
    "Variant":{
      "p":0.998427673,
      "r":0.998427673,
      "f":0.998427673
    },
    "Aspect":{
      "p":0.9932821497,
      "r":0.9942363112,
      "f":0.9937590014
    },
    "Mood":{
      "p":0.9981146305,
      "r":0.9984911354,
      "f":0.9983028474
    },
    "Number":{
      "p":0.995315668,
      "r":0.9917102055,
      "f":0.9935096657
    },
    "Person":{
      "p":0.9964040536,
      "r":0.9964040536,
      "f":0.9964040536
    },
    "Tense":{
      "p":0.9983955074,
      "r":0.9995983936,
      "f":0.9989965884
    },
    "VerbForm":{
      "p":0.9964077234,
      "r":0.9984251969,
      "f":0.9974154399
    },
    "Case":{
      "p":0.9885696633,
      "r":0.9847668872,
      "f":0.9866646111
    },
    "Gender":{
      "p":0.9886022795,
      "r":0.9841324006,
      "f":0.9863622761
    },
    "Polarity":{
      "p":1.0,
      "r":1.0,
      "f":1.0
    },
    "Definite":{
      "p":0.9974937343,
      "r":0.9900497512,
      "f":0.9937578027
    },
    "Animacy":{
      "p":0.9529411765,
      "r":0.9614243323,
      "f":0.9571639586
    },
    "Poss":{
      "p":0.9935483871,
      "r":1.0,
      "f":0.996763754
    },
    "NumForm":{
      "p":1.0,
      "r":0.864321608,
      "f":0.9272237197
    },
    "NumType":{
      "p":0.9949622166,
      "r":0.8700440529,
      "f":0.928319624
    },
    "Number[psor]":{
      "p":0.9880239521,
      "r":0.9880239521,
      "f":0.9880239521
    },
    "Gender[psor]":{
      "p":1.0,
      "r":1.0,
      "f":1.0
    },
    "Abbr":{
      "p":1.0,
      "r":0.9642857143,
      "f":0.9818181818
    },
    "Foreign":{
      "p":0.537037037,
      "r":0.8529411765,
      "f":0.6590909091
    }
  },
  "sents_p":0.9751359751,
  "sents_r":0.9789391576,
  "sents_f":0.9770338653,
  "dep_uas":0.9497478221,
  "dep_las":0.9368022923,
  "dep_las_per_type":{
    "advmod":{
      "p":0.8973305955,
      "r":0.9019607843,
      "f":0.8996397324
    },
    "expl":{
      "p":0.9774011299,
      "r":0.9584487535,
      "f":0.9678321678
    },
    "root":{
      "p":0.9518259518,
      "r":0.9555382215,
      "f":0.9536784741
    },
    "case":{
      "p":0.9946125155,
      "r":0.9933774834,
      "f":0.9939946159
    },
    "amod":{
      "p":0.9898100973,
      "r":0.986611265,
      "f":0.9882080925
    },
    "obl":{
      "p":0.9346176299,
      "r":0.9195864446,
      "f":0.9270411118
    },
    "nmod":{
      "p":0.9112773918,
      "r":0.9122525415,
      "f":0.9117647059
    },
    "mark":{
      "p":0.9874529486,
      "r":0.9812967581,
      "f":0.9843652283
    },
    "advcl":{
      "p":0.8199052133,
      "r":0.7330508475,
      "f":0.774049217
    },
    "obj":{
      "p":0.9543057996,
      "r":0.9559859155,
      "f":0.9551451187
    },
    "cc":{
      "p":0.9728850325,
      "r":0.975,
      "f":0.9739413681
    },
    "conj":{
      "p":0.8860294118,
      "r":0.8669064748,
      "f":0.8763636364
    },
    "det":{
      "p":0.9902912621,
      "r":0.9935064935,
      "f":0.9918962723
    },
    "nsubj":{
      "p":0.9568567026,
      "r":0.9480916031,
      "f":0.9524539877
    },
    "aux":{
      "p":0.9836629407,
      "r":0.9845094664,
      "f":0.9840860215
    },
    "parataxis":{
      "p":0.7214076246,
      "r":0.7028571429,
      "f":0.7120115774
    },
    "orphan":{
      "p":0.7361111111,
      "r":0.6463414634,
      "f":0.6883116883
    },
    "appos":{
      "p":0.6772151899,
      "r":0.66875,
      "f":0.6729559748
    },
    "cop":{
      "p":0.9345454545,
      "r":0.9553903346,
      "f":0.9448529412
    },
    "acl":{
      "p":0.8966292135,
      "r":0.8966292135,
      "f":0.8966292135
    },
    "nummod":{
      "p":0.9322033898,
      "r":0.873015873,
      "f":0.9016393443
    },
    "xcomp":{
      "p":0.9507389163,
      "r":0.9554455446,
      "f":0.9530864198
    },
    "ccomp":{
      "p":0.9144385027,
      "r":0.9047619048,
      "f":0.9095744681
    },
    "csubj":{
      "p":0.8441558442,
      "r":0.8441558442,
      "f":0.8441558442
    },
    "iobj":{
      "p":0.7755102041,
      "r":0.8539325843,
      "f":0.8128342246
    },
    "fixed":{
      "p":0.9230769231,
      "r":0.9545454545,
      "f":0.938547486
    },
    "flat:name":{
      "p":0.9366197183,
      "r":0.9851851852,
      "f":0.9602888087
    },
    "discourse":{
      "p":0.8888888889,
      "r":0.5,
      "f":0.64
    },
    "dep":{
      "p":0.1025641026,
      "r":0.3333333333,
      "f":0.1568627451
    },
    "cc:preconj":{
      "p":1.0,
      "r":0.8333333333,
      "f":0.9090909091
    },
    "list":{
      "p":0.625,
      "r":0.7692307692,
      "f":0.6896551724
    },
    "flat":{
      "p":0.2727272727,
      "r":0.375,
      "f":0.3157894737
    },
    "flat:foreign":{
      "p":0.3928571429,
      "r":0.7857142857,
      "f":0.5238095238
    },
    "vocative":{
      "p":0.0,
      "r":0.0,
      "f":0.0
    }
  },
  "lemma_acc":0.9718894462,
  "ents_p":null,
  "ents_r":null,
  "ents_f":null,
  "ents_per_type":null,
  "speed":386.2382689147
}