{
  "token_acc":0.9928663632,
  "token_p":0.9483270372,
  "token_r":0.9529555315,
  "token_f":0.9506356505,
  "tag_acc":0.9100536377,
  "pos_acc":0.9405130321,
  "morph_acc":0.9173428689,
  "morph_micro_p":0.9532600923,
  "morph_micro_r":0.9262253663,
  "morph_micro_f":0.9395482941,
  "morph_per_feat":{
    "Mood":{
      "p":0.9753914989,
      "r":0.95404814,
      "f":0.9646017699
    },
    "Number":{
      "p":0.9611147116,
      "r":0.9409898477,
      "f":0.950945816
    },
    "Person":{
      "p":0.9751838235,
      "r":0.9558558559,
      "f":0.9654231119
    },
    "Polarity":{
      "p":0.9865642994,
      "r":0.9518518519,
      "f":0.9688972667
    },
    "Tense":{
      "p":0.9758883249,
      "r":0.966080402,
      "f":0.970959596
    },
    "VerbForm":{
      "p":0.9765684051,
      "r":0.9634601044,
      "f":0.96996997
    },
    "Case":{
      "p":0.9217096911,
      "r":0.8981443299,
      "f":0.9097744361
    },
    "Definite":{
      "p":0.8831168831,
      "r":0.8095238095,
      "f":0.8447204969
    },
    "Degree":{
      "p":0.9652278177,
      "r":0.9085778781,
      "f":0.9360465116
    },
    "Gender":{
      "p":0.9250596659,
      "r":0.9051844932,
      "f":0.9150141643
    },
    "Aspect":{
      "p":0.9362962963,
      "r":0.9461077844,
      "f":0.9411764706
    },
    "PronType":{
      "p":0.9692982456,
      "r":0.9512195122,
      "f":0.9601737871
    },
    "Abbr":{
      "p":0.8666666667,
      "r":0.609375,
      "f":0.7155963303
    },
    "NumForm":{
      "p":0.9903846154,
      "r":0.7984496124,
      "f":0.8841201717
    },
    "NumType":{
      "p":0.9816513761,
      "r":0.7810218978,
      "f":0.8699186992
    },
    "Animacy":{
      "p":0.9090909091,
      "r":0.859375,
      "f":0.8835341365
    },
    "Foreign":{
      "p":0.912568306,
      "r":0.7522522523,
      "f":0.824691358
    },
    "Poss":{
      "p":0.9722222222,
      "r":0.9459459459,
      "f":0.9589041096
    },
    "Reflex":{
      "p":0.9626168224,
      "r":0.9626168224,
      "f":0.9626168224
    },
    "Variant":{
      "p":0.9776785714,
      "r":0.9647577093,
      "f":0.9711751663
    },
    "Number[psor]":{
      "p":0.88,
      "r":0.8461538462,
      "f":0.862745098
    },
    "Gender[psor]":{
      "p":1.0,
      "r":1.0,
      "f":1.0
    }
  },
  "sents_p":0.9863878754,
  "sents_r":0.9529555315,
  "sents_f":0.9693835333,
  "lemma_acc":0.8529853805,
  "ents_p":0.8583333333,
  "ents_r":0.8391038697,
  "ents_f":0.8486096807,
  "ents_per_type":{
    "PER":{
      "p":0.927613941,
      "r":0.8987012987,
      "f":0.9129287599
    },
    "ORG":{
      "p":0.5555555556,
      "r":0.6060606061,
      "f":0.5797101449
    },
    "LOC":{
      "p":0.9069767442,
      "r":0.847826087,
      "f":0.8764044944
    },
    "MISC":{
      "p":0.2916666667,
      "r":0.2592592593,
      "f":0.2745098039
    },
    "DERIV":{
      "p":0.0,
      "r":0.0,
      "f":0.0
    }
  },
  "speed":619.8313276715
}