{
  "token_acc":0.9990754038,
  "token_p":0.9929638365,
  "token_r":0.9928857794,
  "token_f":0.9929248064,
  "tag_acc":0.8994190054,
  "pos_acc":0.9655919485,
  "morph_acc":0.9027061094,
  "morph_micro_p":0.9415136364,
  "morph_micro_r":0.9382693054,
  "morph_micro_f":0.9398886712,
  "morph_per_feat":{
    "Degree":{
      "p":0.9529936975,
      "r":0.9613245033,
      "f":0.9571409732
    },
    "PronType":{
      "p":0.9834801762,
      "r":0.975423266,
      "f":0.9794351522
    },
    "Reflex":{
      "p":0.9957173448,
      "r":1.0,
      "f":0.9978540773
    },
    "Variant":{
      "p":0.9936908517,
      "r":0.9905660377,
      "f":0.9921259843
    },
    "Aspect":{
      "p":0.8909863143,
      "r":0.906820365,
      "f":0.898833611
    },
    "Mood":{
      "p":0.9765062524,
      "r":0.9720860053,
      "f":0.9742911153
    },
    "Number":{
      "p":0.957038072,
      "r":0.9543712992,
      "f":0.9557028253
    },
    "Person":{
      "p":0.9786465177,
      "r":0.9738476626,
      "f":0.9762411929
    },
    "Tense":{
      "p":0.9793939394,
      "r":0.9734939759,
      "f":0.9764350453
    },
    "VerbForm":{
      "p":0.9654471545,
      "r":0.9617547807,
      "f":0.9635974304
    },
    "Case":{
      "p":0.9027702755,
      "r":0.9000615479,
      "f":0.9014138768
    },
    "Gender":{
      "p":0.9206498504,
      "r":0.9185292612,
      "f":0.9195883333
    },
    "Polarity":{
      "p":0.9970553592,
      "r":0.9982311321,
      "f":0.9976428992
    },
    "Definite":{
      "p":0.9283887468,
      "r":0.9029850746,
      "f":0.9155107188
    },
    "Animacy":{
      "p":0.701754386,
      "r":0.7121661721,
      "f":0.706921944
    },
    "Poss":{
      "p":0.9513888889,
      "r":0.8896103896,
      "f":0.9194630872
    },
    "NumForm":{
      "p":0.9972527473,
      "r":0.9120603015,
      "f":0.9527559055
    },
    "NumType":{
      "p":0.9903381643,
      "r":0.9030837004,
      "f":0.9447004608
    },
    "Number[psor]":{
      "p":0.9754601227,
      "r":0.9520958084,
      "f":0.9636363636
    },
    "Gender[psor]":{
      "p":0.9574468085,
      "r":0.9782608696,
      "f":0.9677419355
    },
    "Abbr":{
      "p":0.962962963,
      "r":0.9285714286,
      "f":0.9454545455
    },
    "Foreign":{
      "p":0.4782608696,
      "r":0.3235294118,
      "f":0.3859649123
    }
  },
  "sents_p":0.9616888194,
  "sents_r":0.9594383775,
  "sents_f":0.9605622804,
  "dep_uas":0.8623298033,
  "dep_las":0.822728523,
  "dep_las_per_type":{
    "advmod":{
      "p":0.7890743551,
      "r":0.8049535604,
      "f":0.7969348659
    },
    "expl":{
      "p":0.9260273973,
      "r":0.9362880886,
      "f":0.9311294766
    },
    "root":{
      "p":0.882629108,
      "r":0.879875195,
      "f":0.88125
    },
    "case":{
      "p":0.9611890999,
      "r":0.9635761589,
      "f":0.9623811492
    },
    "amod":{
      "p":0.9190672154,
      "r":0.9279778393,
      "f":0.9235010338
    },
    "obl":{
      "p":0.7967722654,
      "r":0.7656519242,
      "f":0.7809021675
    },
    "nmod":{
      "p":0.7784210526,
      "r":0.7913322632,
      "f":0.7848235606
    },
    "mark":{
      "p":0.9057788945,
      "r":0.8990024938,
      "f":0.9023779725
    },
    "advcl":{
      "p":0.59375,
      "r":0.4830508475,
      "f":0.5327102804
    },
    "obj":{
      "p":0.7633587786,
      "r":0.7922535211,
      "f":0.777537797
    },
    "cc":{
      "p":0.8636363636,
      "r":0.8673913043,
      "f":0.8655097614
    },
    "conj":{
      "p":0.6840607211,
      "r":0.648381295,
      "f":0.6657433056
    },
    "det":{
      "p":0.9195583596,
      "r":0.9464285714,
      "f":0.9328
    },
    "nsubj":{
      "p":0.7478465153,
      "r":0.7290076336,
      "f":0.7383069192
    },
    "aux":{
      "p":0.9363714531,
      "r":0.9371772806,
      "f":0.9367741935
    },
    "parataxis":{
      "p":0.441588785,
      "r":0.54,
      "f":0.4858611825
    },
    "orphan":{
      "p":0.5714285714,
      "r":0.3902439024,
      "f":0.4637681159
    },
    "appos":{
      "p":0.4416666667,
      "r":0.33125,
      "f":0.3785714286
    },
    "cop":{
      "p":0.7858439201,
      "r":0.8048327138,
      "f":0.795224977
    },
    "acl":{
      "p":0.7517401392,
      "r":0.7280898876,
      "f":0.7397260274
    },
    "nummod":{
      "p":0.8443708609,
      "r":0.8095238095,
      "f":0.8265802269
    },
    "xcomp":{
      "p":0.8489583333,
      "r":0.8069306931,
      "f":0.8274111675
    },
    "ccomp":{
      "p":0.7473684211,
      "r":0.7513227513,
      "f":0.7493403694
    },
    "csubj":{
      "p":0.6282051282,
      "r":0.6363636364,
      "f":0.6322580645
    },
    "flat:name":{
      "p":0.7046979866,
      "r":0.7777777778,
      "f":0.7394366197
    },
    "iobj":{
      "p":0.6271186441,
      "r":0.4157303371,
      "f":0.5
    },
    "fixed":{
      "p":0.7684210526,
      "r":0.8295454545,
      "f":0.7978142077
    },
    "discourse":{
      "p":0.7142857143,
      "r":0.625,
      "f":0.6666666667
    },
    "dep":{
      "p":0.1176470588,
      "r":0.1666666667,
      "f":0.1379310345
    },
    "cc:preconj":{
      "p":0.6666666667,
      "r":0.6666666667,
      "f":0.6666666667
    },
    "list":{
      "p":0.2631578947,
      "r":0.3846153846,
      "f":0.3125
    },
    "vocative":{
      "p":0.0,
      "r":0.0,
      "f":0.0
    },
    "flat":{
      "p":0.6666666667,
      "r":0.25,
      "f":0.3636363636
    },
    "flat:foreign":{
      "p":0.4444444444,
      "r":0.2857142857,
      "f":0.347826087
    }
  },
  "lemma_acc":0.9411625848,
  "ents_p":null,
  "ents_r":null,
  "ents_f":null,
  "ents_per_type":null,
  "speed":10534.3759572477
}