{
  "token_acc":0.9928663632,
  "token_p":0.9483270372,
  "token_r":0.9529555315,
  "token_f":0.9506356505,
  "tag_acc":0.7925254191,
  "pos_acc":0.8680775045,
  "morph_acc":0.7979659153,
  "morph_micro_p":0.8457293035,
  "morph_micro_r":0.8130368873,
  "morph_micro_f":0.8290609301,
  "morph_per_feat":{
    "Mood":{
      "p":0.908680947,
      "r":0.8818380744,
      "f":0.8950583009
    },
    "Number":{
      "p":0.874632713,
      "r":0.8499365482,
      "f":0.8621078037
    },
    "Person":{
      "p":0.9098513011,
      "r":0.881981982,
      "f":0.8956999085
    },
    "Polarity":{
      "p":0.9808429119,
      "r":0.9481481481,
      "f":0.9642184557
    },
    "Tense":{
      "p":0.9095541401,
      "r":0.8969849246,
      "f":0.9032258065
    },
    "VerbForm":{
      "p":0.8952234206,
      "r":0.8665175242,
      "f":0.8806366048
    },
    "Case":{
      "p":0.7438192668,
      "r":0.7195876289,
      "f":0.7315028296
    },
    "Definite":{
      "p":0.7605633803,
      "r":0.6428571429,
      "f":0.6967741935
    },
    "Degree":{
      "p":0.8466981132,
      "r":0.8103837472,
      "f":0.8281430219
    },
    "Gender":{
      "p":0.7778313253,
      "r":0.7538533396,
      "f":0.765654649
    },
    "Aspect":{
      "p":0.7410714286,
      "r":0.745508982,
      "f":0.7432835821
    },
    "PronType":{
      "p":0.9334341906,
      "r":0.8852223816,
      "f":0.9086892489
    },
    "Abbr":{
      "p":0.90625,
      "r":0.453125,
      "f":0.6041666667
    },
    "NumForm":{
      "p":0.9622641509,
      "r":0.7906976744,
      "f":0.8680851064
    },
    "NumType":{
      "p":0.9363636364,
      "r":0.7518248175,
      "f":0.8340080972
    },
    "Animacy":{
      "p":0.4765625,
      "r":0.4765625,
      "f":0.4765625
    },
    "Foreign":{
      "p":0.7898089172,
      "r":0.5585585586,
      "f":0.654353562
    },
    "Poss":{
      "p":0.8333333333,
      "r":0.6756756757,
      "f":0.7462686567
    },
    "Reflex":{
      "p":0.9619047619,
      "r":0.9439252336,
      "f":0.9528301887
    },
    "Variant":{
      "p":0.9254385965,
      "r":0.9295154185,
      "f":0.9274725275
    },
    "Number[psor]":{
      "p":0.8947368421,
      "r":0.6538461538,
      "f":0.7555555556
    },
    "Gender[psor]":{
      "p":1.0,
      "r":1.0,
      "f":1.0
    }
  },
  "lemma_acc":0.8191009701,
  "sents_p":0.9863878754,
  "sents_r":0.9529555315,
  "sents_f":0.9693835333,
  "ents_p":0.8822055138,
  "ents_r":0.716904277,
  "ents_f":0.791011236,
  "ents_per_type":{
    "PER":{
      "p":0.9382352941,
      "r":0.8285714286,
      "f":0.88
    },
    "ORG":{
      "p":0.5217391304,
      "r":0.3636363636,
      "f":0.4285714286
    },
    "LOC":{
      "p":0.6333333333,
      "r":0.4130434783,
      "f":0.5
    },
    "MISC":{
      "p":0.4,
      "r":0.0740740741,
      "f":0.125
    },
    "DERIV":{
      "p":0.0,
      "r":0.0,
      "f":0.0
    }
  },
  "speed":10087.1080329184
}